timestamp_utc,total_tracked,challenger_count,gm_count,master_count,games_detected_by_lp,lp_wins_detected,lp_losses_detected
2026-07-08T21:24:45,3109,200,500,2409,0,0,0
2026-07-08T21:31:06,3109,200,500,2409,23,11,12
2026-07-08T21:35:35,3109,200,500,2409,12,7,5
2026-07-08T21:41:02,3113,200,500,2413,28,16,12
2026-07-08T21:45:42,3113,200,500,2413,2,0,2
2026-07-08T21:51:01,3113,200,500,2413,12,6,6
2026-07-08T21:55:38,3114,200,500,2414,11,5,6
2026-07-08T22:01:17,3115,200,500,2415,10,6,4
2026-07-08T22:05:38,3115,200,500,2415,5,2,3
2026-07-08T22:11:08,3115,200,500,2415,14,8,6
2026-07-08T22:15:39,3115,200,500,2415,19,5,14
2026-07-08T22:21:05,3116,200,500,2416,9,9,0
2026-07-08T22:25:36,3115,200,500,2415,19,9,10
2026-07-08T22:31:11,3115,200,500,2415,13,9,4
2026-07-08T22:35:40,3115,200,500,2415,2,0,2
2026-07-08T22:41:00,3114,200,500,2414,14,11,3
2026-07-08T22:45:42,3114,200,500,2414,33,15,18
2026-07-08T22:51:03,3113,200,500,2413,16,5,11
2026-07-08T22:55:36,3113,200,500,2413,12,6,6
2026-07-08T23:01:10,3113,200,500,2413,2,1,1
2026-07-08T23:05:36,3115,200,500,2415,20,9,11
2026-07-08T23:11:07,3116,200,500,2416,12,3,9
2026-07-08T23:15:42,3117,200,500,2417,32,17,15
2026-07-08T23:21:03,3116,200,500,2416,5,3,2
2026-07-08T23:25:35,3117,200,500,2417,31,16,15
2026-07-08T23:31:07,3117,200,500,2417,3,2,1
2026-07-08T23:35:38,3121,200,500,2421,38,20,18
2026-07-08T23:40:59,3121,200,500,2421,5,1,4
2026-07-08T23:45:38,3121,200,500,2421,6,4,2
2026-07-08T23:51:00,3121,200,500,2421,23,13,10
2026-07-08T23:55:42,3121,200,500,2421,0,0,0
2026-07-09T00:01:12,3121,200,500,2421,44,23,21
2026-07-09T00:05:37,3121,200,500,2421,4,2,2
2026-07-09T00:11:03,3121,200,500,2421,47,25,22
2026-07-09T00:15:40,3123,200,500,2423,23,13,10
2026-07-09T00:21:02,3123,200,500,2423,9,4,5
2026-07-09T00:25:35,3124,200,500,2424,21,10,11
2026-07-09T00:31:03,3126,200,500,2426,36,17,19
2026-07-09T00:35:37,3126,200,500,2426,19,11,8
2026-07-09T00:41:00,3130,200,500,2430,73,40,33
2026-07-09T00:45:38,3130,200,500,2430,10,5,5
2026-07-09T00:50:59,3133,200,500,2433,17,7,10
2026-07-09T00:55:38,3133,200,500,2433,4,3,1
2026-07-09T01:01:12,3132,200,500,2432,33,15,18
2026-07-09T01:05:35,3132,200,500,2432,3,2,1
2026-07-09T01:11:06,3129,200,500,2429,61,33,28
2026-07-09T01:15:38,3129,200,500,2429,12,5,7
2026-07-09T01:20:56,3128,200,500,2428,27,13,14
2026-07-09T01:25:35,3128,200,500,2428,18,10,8
2026-07-09T01:31:05,3128,200,500,2428,17,8,9
2026-07-09T01:35:38,3131,200,500,2431,13,7,6
2026-07-09T01:41:00,3131,200,500,2431,54,31,23
2026-07-09T01:45:38,3131,200,500,2431,3,1,2
2026-07-09T01:51:01,3132,200,500,2432,40,23,17
2026-07-09T01:55:39,3132,200,500,2432,16,6,10
2026-07-09T02:01:08,3133,200,500,2433,35,17,18
2026-07-09T02:05:36,3134,200,500,2434,23,14,9
2026-07-09T02:11:02,3137,200,500,2437,20,14,6
2026-07-09T02:15:39,3137,200,500,2437,20,8,12
2026-07-09T02:20:59,3138,200,500,2438,19,10,9
2026-07-09T02:25:41,3139,200,500,2439,31,17,14
2026-07-09T02:31:09,3141,200,500,2441,34,21,13
2026-07-09T02:35:36,3141,200,500,2441,14,6,8
2026-07-09T02:41:00,3144,200,500,2444,61,32,29
2026-07-09T02:45:39,3145,200,500,2445,33,14,19
2026-07-09T02:50:59,3144,200,500,2444,9,5,4
2026-07-09T02:55:37,3047,200,500,2347,113,6,107
2026-07-09T03:01:06,3048,200,500,2348,13,8,5
2026-07-09T03:05:36,3049,200,500,2349,25,10,15
2026-07-09T03:10:57,3050,200,500,2350,17,8,9
2026-07-09T03:15:38,3052,200,500,2352,30,16,14
2026-07-09T03:21:03,3052,200,500,2352,19,12,7
2026-07-09T03:25:36,3053,200,500,2353,45,27,18
2026-07-09T03:31:04,3052,200,500,2352,19,11,8
2026-07-09T03:35:42,3054,200,500,2354,7,2,5
2026-07-09T03:41:01,3054,200,500,2354,10,6,4
2026-07-09T03:50:43,3055,200,500,2355,49,23,26
2026-07-09T03:55:40,3055,200,500,2355,24,19,5
2026-07-09T04:05:36,3057,200,500,2357,23,11,12
2026-07-09T04:10:59,3056,200,500,2356,37,23,14
2026-07-09T04:15:39,3057,200,500,2357,30,12,18
2026-07-09T04:21:06,3056,200,500,2356,19,11,8
2026-07-09T04:25:41,3056,200,500,2356,4,2,2
2026-07-09T04:35:38,3057,200,500,2357,34,22,12
2026-07-09T04:40:57,3058,200,500,2358,10,7,3
2026-07-09T04:45:47,3058,200,500,2358,0,0,0
2026-07-09T04:51:00,3060,200,500,2360,29,15,14
2026-07-09T04:55:37,3060,200,500,2360,5,3,2
2026-07-09T05:05:37,3062,200,500,2362,27,11,16
2026-07-09T05:11:04,3062,200,500,2362,13,7,6
2026-07-09T05:20:44,3063,200,500,2363,13,7,6
2026-07-09T05:26:02,3063,200,500,2363,4,2,2
2026-07-09T05:31:08,3063,200,500,2363,19,8,11
2026-07-09T05:35:37,3063,200,500,2363,12,7,5
2026-07-09T05:41:08,3063,200,500,2363,2,0,2
2026-07-09T05:45:38,3065,200,500,2365,6,3,3
2026-07-09T05:51:00,3066,200,500,2366,4,1,3
2026-07-09T05:55:36,3066,200,500,2366,11,5,6
2026-07-09T06:06:14,3066,200,500,2366,9,7,2
2026-07-09T06:10:59,3066,200,500,2366,4,0,4
2026-07-09T06:15:41,3066,200,500,2366,1,1,0
2026-07-09T06:21:06,3067,200,500,2367,14,9,5
2026-07-09T06:25:39,3067,200,500,2367,0,0,0
2026-07-09T06:31:14,3067,200,500,2367,8,5,3
2026-07-09T06:35:40,3067,200,500,2367,2,1,1
2026-07-09T06:45:38,3067,200,500,2367,11,7,4
2026-07-09T06:51:02,3067,200,500,2367,6,2,4
2026-07-09T06:55:47,3067,200,500,2367,2,0,2
2026-07-09T07:01:26,3067,200,500,2367,4,2,2
2026-07-09T07:10:40,3067,200,500,2367,11,5,6
2026-07-09T07:15:44,3067,200,500,2367,8,7,1
2026-07-09T07:21:06,3067,200,500,2367,3,0,3
2026-07-09T07:25:41,3067,200,500,2367,1,1,0
2026-07-09T07:35:36,3067,200,500,2367,9,5,4
2026-07-09T07:45:40,3067,200,500,2367,1,0,1
2026-07-09T07:51:12,3067,200,500,2367,0,0,0
2026-07-09T08:01:10,3069,200,500,2369,5,1,4
2026-07-09T08:05:37,3069,200,500,2369,1,1,0
2026-07-09T08:11:05,3069,200,500,2369,0,0,0
2026-07-09T08:21:00,3069,200,500,2369,1,1,0
2026-07-09T08:30:40,3069,200,500,2369,8,3,5
2026-07-09T08:35:47,3069,200,500,2369,2,2,0
2026-07-09T08:45:48,3069,200,500,2369,0,0,0
2026-07-09T08:51:07,3069,200,500,2369,0,0,0
2026-07-09T08:55:36,3069,200,500,2369,10,5,5
2026-07-09T09:01:12,3069,200,500,2369,0,0,0
2026-07-09T09:05:40,3069,200,500,2369,0,0,0
2026-07-09T09:15:40,3069,200,500,2369,0,0,0
2026-07-09T09:31:10,3069,200,500,2369,0,0,0
2026-07-09T09:40:42,3069,200,500,2369,0,0,0
2026-07-09T09:45:43,3069,200,500,2369,0,0,0
2026-07-09T09:55:38,3069,200,500,2369,0,0,0
2026-07-09T10:01:15,3069,200,500,2369,0,0,0
2026-07-09T10:05:51,3069,200,500,2369,0,0,0
2026-07-09T10:11:13,3069,200,500,2369,0,0,0
2026-07-09T10:21:04,3069,200,500,2369,0,0,0
2026-07-09T10:25:40,3069,200,500,2369,0,0,0
2026-07-09T10:35:37,3069,200,500,2369,0,0,0
2026-07-09T10:41:11,3069,200,500,2369,0,0,0
2026-07-09T10:45:42,3069,200,500,2369,0,0,0
2026-07-09T10:51:04,3069,200,500,2369,0,0,0
2026-07-09T10:55:43,3069,200,500,2369,0,0,0
2026-07-09T11:06:15,3069,200,500,2369,0,0,0
2026-07-09T11:11:05,3069,200,500,2369,0,0,0
2026-07-09T11:15:40,3069,200,500,2369,0,0,0
2026-07-09T11:21:07,3069,200,500,2369,0,0,0
2026-07-09T11:25:43,3069,200,500,2369,1,1,0
2026-07-09T11:40:36,3069,200,500,2369,0,0,0
2026-07-09T11:45:40,3069,200,500,2369,0,0,0
2026-07-09T11:51:01,3069,200,500,2369,0,0,0
2026-07-09T11:55:39,3069,200,500,2369,0,0,0
2026-07-09T12:05:39,3069,200,500,2369,2,1,1
2026-07-09T12:10:56,3069,200,500,2369,0,0,0
2026-07-09T12:15:39,3069,200,500,2369,2,2,0
2026-07-09T12:25:50,3069,200,500,2369,0,0,0
2026-07-09T12:48:17,3069,200,500,2369,5,2,3
2026-07-09T12:52:04,3070,200,500,2370,6,3,3
2026-07-09T12:58:54,3070,200,500,2370,1,0,1
2026-07-09T13:09:20,3070,200,500,2370,1,0,1
2026-07-09T13:13:28,3070,200,500,2370,7,4,3
2026-07-09T13:15:53,3070,200,500,2370,1,1,0
2026-07-09T13:21:34,3070,200,500,2370,2,1,1
2026-07-09T13:25:58,3070,200,500,2370,7,4,3
2026-07-09T13:30:59,3070,200,500,2370,0,0,0
2026-07-09T13:35:43,3070,200,500,2370,2,2,0
2026-07-09T13:40:56,3070,200,500,2370,0,0,0
2026-07-09T13:45:42,3070,200,500,2370,4,2,2
2026-07-09T13:50:56,3070,200,500,2370,3,2,1
2026-07-09T13:55:39,3070,200,500,2370,5,3,2
2026-07-09T14:01:12,3070,200,500,2370,1,0,1
2026-07-09T14:05:37,3070,200,500,2370,6,2,4
2026-07-09T14:10:52,3070,200,500,2370,5,3,2
2026-07-09T14:15:48,3071,200,500,2371,10,6,4
2026-07-09T14:20:49,3072,200,500,2372,13,6,7
2026-07-09T14:25:39,3072,200,500,2372,0,0,0
2026-07-09T14:30:58,3071,200,500,2371,2,2,0
2026-07-09T14:35:37,3071,200,500,2371,0,0,0
2026-07-09T14:40:51,3071,200,500,2371,0,0,0
2026-07-09T14:45:40,3073,200,500,2373,15,7,8
2026-07-09T14:51:07,3073,200,500,2373,3,2,1
2026-07-09T14:55:39,3073,200,500,2373,13,6,7
2026-07-09T15:01:05,3073,200,500,2373,9,1,8
2026-07-09T15:05:44,3073,200,500,2373,10,5,5
2026-07-09T15:10:49,3073,200,500,2373,0,0,0
2026-07-09T15:15:44,3073,200,500,2373,3,0,3
2026-07-09T15:20:52,3074,200,500,2374,10,3,7
2026-07-09T15:25:40,3074,200,500,2374,3,1,2
2026-07-09T15:30:57,3073,200,500,2373,3,2,1
2026-07-09T15:35:42,3073,200,500,2373,2,0,2
2026-07-09T15:41:02,3073,200,500,2373,18,10,8
2026-07-09T15:45:45,3073,200,500,2373,2,2,0
2026-07-09T15:50:56,3073,200,500,2373,0,0,0
2026-07-09T15:55:41,3075,200,500,2375,13,6,7
2026-07-09T16:01:00,3075,200,500,2375,0,0,0
2026-07-09T16:05:37,3076,200,500,2376,9,5,4
2026-07-09T16:10:53,3077,200,500,2377,5,3,2
2026-07-09T16:15:41,3077,200,500,2377,7,3,4
2026-07-09T16:21:07,3077,200,500,2377,12,6,6
2026-07-09T16:25:42,3077,200,500,2377,13,8,5
2026-07-09T16:30:58,3078,200,500,2378,19,10,9
2026-07-09T16:35:39,3078,200,500,2378,6,4,2
2026-07-09T16:40:52,3078,200,500,2378,0,0,0
2026-07-09T16:45:39,3077,200,500,2377,2,2,0
2026-07-09T16:50:53,3079,200,500,2379,9,6,3
2026-07-09T16:55:41,3080,200,500,2380,15,9,6
2026-07-09T17:00:58,3080,200,500,2380,4,3,1
2026-07-09T17:05:40,3080,200,500,2380,13,5,8
2026-07-09T17:10:52,3079,200,500,2379,28,19,9
2026-07-09T17:15:39,3079,200,500,2379,6,1,5
2026-07-09T17:20:52,3079,200,500,2379,13,9,4
2026-07-09T17:25:36,3081,200,500,2381,7,6,1
2026-07-09T17:30:58,3081,200,500,2381,10,4,6
2026-07-09T17:35:44,3081,200,500,2381,0,0,0
2026-07-09T17:40:52,3081,200,500,2381,0,0,0
2026-07-09T17:45:39,3081,200,500,2381,40,22,18
2026-07-09T17:50:56,3081,200,500,2381,8,3,5
2026-07-09T17:55:39,3082,200,500,2382,17,6,11
2026-07-09T18:01:03,3082,200,500,2382,22,9,13
2026-07-09T18:05:37,3081,200,500,2381,5,3,2
2026-07-09T18:10:56,3082,200,500,2382,5,4,1
2026-07-09T18:15:41,3082,200,500,2382,8,5,3
2026-07-09T18:20:47,3082,200,500,2382,10,4,6
2026-07-09T18:25:40,3082,200,500,2382,0,0,0
2026-07-09T18:30:57,3081,200,500,2381,7,2,5
2026-07-09T18:35:40,3083,200,500,2383,52,28,24
2026-07-09T18:40:50,3083,200,500,2383,8,3,5
2026-07-09T18:45:41,3084,200,500,2384,6,5,1
2026-07-09T18:50:49,3084,200,500,2384,9,4,5
2026-07-09T18:55:40,3084,200,500,2384,1,0,1
2026-07-09T19:00:59,3084,200,500,2384,18,11,7
2026-07-09T19:05:37,3086,200,500,2386,45,19,26
2026-07-09T19:11:04,3085,200,500,2385,7,4,3
2026-07-09T19:15:41,3086,200,500,2386,16,8,8
2026-07-09T19:20:53,3086,200,500,2386,7,5,2
2026-07-09T19:25:36,3086,200,500,2386,13,5,8
2026-07-09T19:30:56,3086,200,500,2386,8,5,3
2026-07-09T19:35:41,3087,200,500,2387,12,5,7
2026-07-09T19:40:54,3087,200,500,2387,19,10,9
2026-07-09T19:45:39,3087,200,500,2387,29,19,10
2026-07-09T19:50:50,3087,200,500,2387,5,1,4
2026-07-09T19:55:35,3087,200,500,2387,22,11,11
2026-07-09T20:01:02,3087,200,500,2387,6,4,2
2026-07-09T20:05:40,3088,200,500,2388,33,15,18
2026-07-09T20:10:52,3088,200,500,2388,20,12,8
2026-07-09T20:15:39,3088,200,500,2388,8,5,3
2026-07-09T20:20:50,3088,200,500,2388,11,3,8
2026-07-09T20:25:36,3090,200,500,2390,9,6,3
2026-07-09T20:30:59,3091,200,500,2391,22,9,13
2026-07-09T20:35:37,3094,200,500,2394,22,12,10
2026-07-09T20:40:54,3094,200,500,2394,2,2,0
2026-07-09T20:45:43,3093,200,500,2393,9,6,3
2026-07-09T20:50:49,3093,200,500,2393,14,8,6
2026-07-09T20:55:37,3093,200,500,2393,21,11,10
2026-07-09T21:00:58,3094,200,500,2394,48,24,24
2026-07-09T21:05:41,3094,200,500,2394,9,5,4
2026-07-09T21:10:52,3096,200,500,2396,12,6,6
2026-07-09T21:15:46,3097,200,500,2397,19,9,10
2026-07-09T21:20:53,3097,200,500,2397,12,8,4
2026-07-09T21:25:40,3097,200,500,2397,3,1,2
2026-07-09T21:31:01,3098,200,500,2398,11,6,5
2026-07-09T21:35:41,3098,200,500,2398,5,4,1
2026-07-09T21:40:52,3098,200,500,2398,12,6,6
2026-07-09T21:45:39,3099,200,500,2399,43,21,22
2026-07-09T21:50:50,3099,200,500,2399,13,6,7
2026-07-09T21:55:38,3099,200,500,2399,2,2,0
2026-07-09T22:00:58,3101,200,500,2401,21,8,13
2026-07-09T22:05:41,3101,200,500,2401,12,8,4
2026-07-09T22:10:56,3101,200,500,2401,12,5,7
2026-07-09T22:15:37,3101,200,500,2401,11,4,7
2026-07-09T22:20:55,3101,200,500,2401,25,13,12
2026-07-09T22:25:40,3101,200,500,2401,23,12,11
2026-07-09T22:31:01,3101,200,500,2401,11,6,5
2026-07-09T22:35:48,3101,200,500,2401,20,10,10
2026-07-09T22:40:50,3101,200,500,2401,19,10,9
2026-07-09T22:45:39,3101,200,500,2401,20,9,11
2026-07-09T22:50:50,3101,200,500,2401,10,6,4
2026-07-09T22:55:34,3102,200,500,2402,39,21,18
2026-07-09T23:00:59,3102,200,500,2402,18,8,10
2026-07-09T23:05:39,3102,200,500,2402,32,19,13
2026-07-09T23:10:53,3102,200,500,2402,21,10,11
2026-07-09T23:15:37,3102,200,500,2402,24,12,12
2026-07-09T23:20:52,3102,200,500,2402,4,1,3
2026-07-09T23:25:39,3104,200,500,2404,33,18,15
2026-07-09T23:31:03,3106,200,500,2406,29,16,13
2026-07-09T23:35:37,3107,200,500,2407,52,27,25
2026-07-09T23:40:53,3107,200,500,2407,10,6,4
2026-07-09T23:45:43,3107,200,500,2407,22,11,11
2026-07-09T23:50:50,3108,200,500,2408,15,9,6
2026-07-09T23:55:41,3107,200,500,2407,20,13,7
2026-07-10T00:00:58,3106,200,500,2406,18,9,9
2026-07-10T00:05:41,3111,200,500,2411,27,14,13
2026-07-10T00:10:53,3111,200,500,2411,4,2,2
2026-07-10T00:15:37,3112,200,500,2412,48,21,27
2026-07-10T00:20:50,3113,200,500,2413,32,19,13
2026-07-10T00:25:39,3113,200,500,2413,24,12,12
2026-07-10T00:30:56,3113,200,500,2413,11,8,3
2026-07-10T00:35:36,3114,200,500,2414,27,13,14
2026-07-10T00:40:57,3116,200,500,2416,10,4,6
2026-07-10T00:45:42,3119,200,500,2419,20,11,9
2026-07-10T00:50:55,3120,200,500,2420,36,19,17
2026-07-10T00:55:43,3120,200,500,2420,14,8,6
2026-07-10T01:00:56,3124,200,500,2424,37,21,16
2026-07-10T01:05:36,3126,200,500,2426,16,7,9
2026-07-10T01:10:48,3127,200,500,2427,15,7,8
2026-07-10T01:15:37,3128,200,500,2428,31,20,11
2026-07-10T01:20:51,3128,200,500,2428,35,19,16
2026-07-10T01:25:34,3127,200,500,2427,34,22,12
2026-07-10T01:30:56,3127,200,500,2427,14,5,9
2026-07-10T01:35:35,3129,200,500,2429,28,13,15
2026-07-10T01:40:47,3129,200,500,2429,30,18,12
2026-07-10T01:45:45,3130,200,500,2430,19,11,8
2026-07-10T01:50:49,3131,200,500,2431,19,9,10
2026-07-10T01:55:39,3130,200,500,2430,7,4,3
2026-07-10T02:01:00,3134,200,500,2434,30,15,15
2026-07-10T02:05:37,3134,200,500,2434,5,0,5
2026-07-10T02:10:54,3137,200,500,2437,64,39,25
2026-07-10T02:15:38,3137,200,500,2437,14,8,6
2026-07-10T02:20:53,3138,200,500,2438,31,16,15
2026-07-10T02:25:38,3138,200,500,2438,7,2,5
2026-07-10T02:30:50,3141,200,500,2441,30,15,15
2026-07-10T02:35:35,3143,200,500,2443,13,6,7
2026-07-10T02:40:49,3143,200,500,2443,16,12,4
2026-07-10T02:45:40,3146,200,500,2446,39,19,20
2026-07-10T02:50:53,3069,200,500,2369,72,7,65
2026-07-10T02:55:41,3069,200,500,2369,49,5,44
2026-07-10T03:01:01,3069,200,500,2369,42,23,19
2026-07-10T03:05:40,3069,200,500,2369,1,0,1
2026-07-10T03:10:48,3071,200,500,2371,9,6,3
2026-07-10T03:15:38,3071,200,500,2371,9,4,5
2026-07-10T03:20:51,3072,200,500,2372,39,21,18
2026-07-10T03:25:34,3072,200,500,2372,23,12,11
2026-07-10T03:30:50,3074,200,500,2374,25,11,14
2026-07-10T03:35:42,3077,200,500,2377,24,11,13
2026-07-10T03:40:50,3079,200,500,2379,8,3,5
2026-07-10T03:45:41,3079,200,500,2379,7,4,3
2026-07-10T03:50:49,3081,200,500,2381,39,17,22
2026-07-10T03:55:37,3080,200,500,2380,11,6,5
2026-07-10T04:01:02,3081,200,500,2381,5,3,2
2026-07-10T04:05:40,3083,200,500,2383,30,11,19
2026-07-10T04:10:49,3084,200,500,2384,4,1,3
2026-07-10T04:15:44,3084,200,500,2384,37,19,18
2026-07-10T04:21:00,3084,200,500,2384,6,3,3
2026-07-10T04:25:37,3085,200,500,2385,19,9,10
2026-07-10T04:31:01,3086,200,500,2386,14,6,8
2026-07-10T04:35:39,3086,200,500,2386,19,10,9
2026-07-10T04:40:50,3086,200,500,2386,14,8,6
2026-07-10T04:45:41,3088,200,500,2388,18,9,9
2026-07-10T04:50:58,3087,200,500,2387,15,8,7
2026-07-10T04:55:39,3087,200,500,2387,26,12,14
2026-07-10T05:00:58,3087,200,500,2387,8,5,3
2026-07-10T05:05:39,3087,200,500,2387,10,7,3
2026-07-10T05:10:55,3087,200,500,2387,8,3,5
2026-07-10T05:15:38,3087,200,500,2387,32,18,14
2026-07-10T05:20:48,3087,200,500,2387,0,0,0
2026-07-10T05:25:38,3087,200,500,2387,7,2,5
2026-07-10T05:31:00,3087,200,500,2387,0,0,0
2026-07-10T05:35:35,3090,200,500,2390,14,7,7
2026-07-10T05:40:51,3090,200,500,2390,8,3,5
2026-07-10T05:45:40,3090,200,500,2390,13,8,5
2026-07-10T05:50:53,3090,200,500,2390,0,0,0
2026-07-10T05:55:38,3090,200,500,2390,24,13,11
2026-07-10T06:01:01,3091,200,500,2391,12,5,7
2026-07-10T06:05:40,3091,200,500,2391,15,9,6
2026-07-10T06:10:55,3091,200,500,2391,7,3,4
2026-07-10T06:15:42,3091,200,500,2391,9,5,4
2026-07-10T06:20:57,3091,200,500,2391,16,8,8
2026-07-10T06:25:41,3091,200,500,2391,3,2,1
2026-07-10T06:31:02,3092,200,500,2392,1,1,0
2026-07-10T06:35:38,3091,200,500,2391,6,3,3
2026-07-10T06:40:50,3092,200,500,2392,6,3,3
2026-07-10T06:45:39,3092,200,500,2392,1,0,1
2026-07-10T06:50:55,3092,200,500,2392,0,0,0
2026-07-10T06:55:40,3092,200,500,2392,5,1,4
2026-07-10T07:01:05,3092,200,500,2392,1,0,1
2026-07-10T07:05:47,3092,200,500,2392,11,6,5
2026-07-10T07:10:54,3092,200,500,2392,1,0,1
2026-07-10T07:15:43,3092,200,500,2392,0,0,0
2026-07-10T07:20:52,3092,200,500,2392,0,0,0
2026-07-10T07:25:43,3092,200,500,2392,2,1,1
2026-07-10T07:30:57,3093,200,500,2393,5,3,2
2026-07-10T07:35:37,3093,200,500,2393,5,3,2
2026-07-10T07:40:50,3093,200,500,2393,1,0,1
2026-07-10T07:45:42,3093,200,500,2393,1,1,0
2026-07-10T07:50:53,3093,200,500,2393,0,0,0
2026-07-10T07:55:39,3093,200,500,2393,0,0,0
2026-07-10T08:01:01,3093,200,500,2393,0,0,0
2026-07-10T08:05:38,3093,200,500,2393,2,1,1
2026-07-10T08:10:55,3093,200,500,2393,0,0,0
2026-07-10T08:15:40,3093,200,500,2393,3,1,2
2026-07-10T08:20:55,3093,200,500,2393,3,2,1
2026-07-10T08:25:42,3093,200,500,2393,0,0,0
2026-07-10T08:31:04,3093,200,500,2393,2,1,1
2026-07-10T08:35:38,3093,200,500,2393,0,0,0
2026-07-10T08:40:52,3093,200,500,2393,0,0,0
2026-07-10T08:45:39,3093,200,500,2393,0,0,0
2026-07-10T08:50:52,3093,200,500,2393,0,0,0
2026-07-10T08:55:41,3093,200,500,2393,0,0,0
2026-07-10T09:01:00,3093,200,500,2393,0,0,0
2026-07-10T09:05:43,3093,200,500,2393,0,0,0
2026-07-10T09:10:53,3093,200,500,2393,0,0,0
2026-07-10T09:15:39,3093,200,500,2393,2,2,0
2026-07-10T09:20:53,3093,200,500,2393,0,0,0
2026-07-10T09:25:36,3093,200,500,2393,0,0,0
2026-07-10T09:30:56,3093,200,500,2393,0,0,0
2026-07-10T09:35:36,3093,200,500,2393,0,0,0
2026-07-10T09:40:53,3093,200,500,2393,0,0,0
2026-07-10T09:45:46,3093,200,500,2393,0,0,0
2026-07-10T09:50:53,3093,200,500,2393,0,0,0
2026-07-10T09:55:42,3093,200,500,2393,0,0,0
2026-07-10T10:01:14,3093,200,500,2393,0,0,0
2026-07-10T10:05:35,3093,200,500,2393,0,0,0
2026-07-10T10:10:54,3093,200,500,2393,0,0,0
2026-07-10T10:15:38,3093,200,500,2393,0,0,0
2026-07-10T10:20:55,3093,200,500,2393,0,0,0
2026-07-10T10:25:36,3093,200,500,2393,0,0,0
2026-07-10T10:31:00,3093,200,500,2393,0,0,0
2026-07-10T10:35:37,3093,200,500,2393,0,0,0
2026-07-10T10:40:57,3093,200,500,2393,0,0,0
2026-07-10T10:45:43,3094,200,500,2394,2,1,1
2026-07-10T10:50:56,3094,200,500,2394,2,1,1
2026-07-10T10:55:39,3094,200,500,2394,0,0,0
2026-07-10T11:01:03,3094,200,500,2394,0,0,0
2026-07-10T11:05:39,3094,200,500,2394,0,0,0
2026-07-10T11:10:52,3094,200,500,2394,0,0,0
2026-07-10T11:15:38,3094,200,500,2394,0,0,0
2026-07-10T11:20:53,3094,200,500,2394,0,0,0
2026-07-10T11:25:41,3094,200,500,2394,0,0,0
2026-07-10T11:31:00,3094,200,500,2394,0,0,0
2026-07-10T11:35:37,3094,200,500,2394,3,1,2
2026-07-10T11:40:52,3094,200,500,2394,1,0,1
2026-07-10T11:45:46,3094,200,500,2394,0,0,0
2026-07-10T11:50:53,3094,200,500,2394,0,0,0
2026-07-10T11:55:39,3094,200,500,2394,0,0,0
2026-07-10T12:01:05,3094,200,500,2394,0,0,0
2026-07-10T12:05:40,3094,200,500,2394,0,0,0
2026-07-10T12:10:51,3094,200,500,2394,0,0,0
2026-07-10T12:15:39,3094,200,500,2394,0,0,0
2026-07-10T12:20:51,3094,200,500,2394,1,0,1
2026-07-10T12:25:51,3094,200,500,2394,0,0,0
2026-07-10T12:31:01,3094,200,500,2394,0,0,0
2026-07-10T12:35:38,3094,200,500,2394,4,3,1
2026-07-10T12:40:55,3094,200,500,2394,3,1,2
2026-07-10T12:45:38,3094,200,500,2394,6,4,2
2026-07-10T12:50:52,3094,200,500,2394,1,0,1
2026-07-10T12:55:41,3094,200,500,2394,0,0,0
2026-07-10T13:01:00,3094,200,500,2394,2,2,0
2026-07-10T13:05:40,3094,200,500,2394,0,0,0
2026-07-10T13:10:53,3094,200,500,2394,4,2,2
2026-07-10T13:15:43,3094,200,500,2394,3,1,2
2026-07-10T13:20:55,3094,200,500,2394,3,2,1
2026-07-10T13:25:38,3093,200,500,2393,0,0,0
2026-07-10T13:30:55,3093,200,500,2393,0,0,0
2026-07-10T13:35:40,3093,200,500,2393,12,6,6
2026-07-10T13:40:51,3093,200,500,2393,5,3,2
2026-07-10T13:45:41,3093,200,500,2393,6,2,4
2026-07-10T13:50:57,3093,200,500,2393,4,3,1
2026-07-10T13:55:40,3093,200,500,2393,4,0,4
2026-07-10T14:01:07,3093,200,500,2393,2,2,0
2026-07-10T14:05:39,3093,200,500,2393,4,2,2
2026-07-10T14:10:55,3093,200,500,2393,1,1,0
2026-07-10T14:15:40,3093,200,500,2393,0,0,0
2026-07-10T14:20:54,3094,200,500,2394,4,3,1
2026-07-10T14:25:37,3093,200,500,2393,0,0,0
2026-07-10T14:30:56,3096,200,500,2396,5,4,1
2026-07-10T14:35:37,3096,200,500,2396,0,0,0
2026-07-10T14:40:54,3096,200,500,2396,1,0,1
2026-07-10T14:45:46,3096,200,500,2396,3,1,2
2026-07-10T14:50:56,3096,200,500,2396,1,1,0
2026-07-10T14:55:41,3096,200,500,2396,13,7,6
2026-07-10T15:01:02,3096,200,500,2396,4,1,3
2026-07-10T15:05:39,3096,200,500,2396,6,5,1
2026-07-10T15:10:58,3096,200,500,2396,5,2,3
2026-07-10T15:15:44,3096,200,500,2396,6,2,4
2026-07-10T15:20:54,3096,200,500,2396,6,4,2
2026-07-10T15:25:38,3098,200,500,2398,7,3,4
2026-07-10T15:30:59,3096,200,500,2396,1,0,1
2026-07-10T15:35:35,3098,200,500,2398,13,8,5
2026-07-10T15:40:57,3098,200,500,2398,1,1,0
2026-07-10T15:45:44,3097,200,500,2397,8,6,2
2026-07-10T15:50:54,3097,200,500,2397,5,5,0
2026-07-10T15:55:42,3097,200,500,2397,3,0,3
2026-07-10T16:01:02,3097,200,500,2397,16,11,5
2026-07-10T16:05:36,3097,200,500,2397,9,4,5
2026-07-10T16:10:55,3097,200,500,2397,3,2,1
2026-07-10T16:15:41,3097,200,500,2397,13,8,5
2026-07-10T16:20:56,3097,200,500,2397,12,6,6
2026-07-10T16:25:44,3097,200,500,2397,4,1,3
2026-07-10T16:31:01,3097,200,500,2397,7,3,4
2026-07-10T16:35:38,3097,200,500,2397,4,3,1
2026-07-10T16:40:57,3097,200,500,2397,0,0,0
2026-07-10T16:45:39,3097,200,500,2397,5,2,3
2026-07-10T16:50:54,3097,200,500,2397,26,13,13
2026-07-10T16:55:38,3097,200,500,2397,4,2,2
2026-07-10T17:01:04,3098,200,500,2398,6,5,1
2026-07-10T17:05:40,3098,200,500,2398,8,3,5
2026-07-10T17:10:56,3098,200,500,2398,13,7,6
2026-07-10T17:15:40,3098,200,500,2398,16,9,7
2026-07-10T17:20:56,3098,200,500,2398,9,3,6
2026-07-10T17:25:36,3099,200,500,2399,9,6,3
2026-07-10T17:31:02,3099,200,500,2399,6,4,2
2026-07-10T17:35:37,3099,200,500,2399,21,10,11
2026-07-10T17:40:57,3099,200,500,2399,11,4,7
2026-07-10T17:45:42,3099,200,500,2399,12,8,4
2026-07-10T17:50:56,3099,200,500,2399,23,13,10
2026-07-10T17:55:40,3098,200,500,2398,10,7,3
2026-07-10T18:01:06,3099,200,500,2399,2,0,2
2026-07-10T18:05:48,3099,200,500,2399,16,8,8
2026-07-10T18:10:59,3099,200,500,2399,5,3,2
2026-07-10T18:15:38,3099,200,500,2399,7,3,4
2026-07-10T18:20:56,3099,200,500,2399,8,4,4
2026-07-10T18:25:40,3098,200,500,2398,15,7,8
2026-07-10T18:31:02,3098,200,500,2398,7,2,5
2026-07-10T18:35:40,3098,200,500,2398,16,9,7
2026-07-10T18:41:03,3098,200,500,2398,1,1,0
2026-07-10T18:45:41,3098,200,500,2398,25,13,12
2026-07-10T18:50:50,3098,200,500,2398,3,2,1
2026-07-10T18:55:38,3099,200,500,2399,28,9,19
2026-07-10T19:01:00,3098,200,500,2398,18,13,5
2026-07-10T19:10:59,3099,200,500,2399,25,12,13
2026-07-10T19:15:46,3100,200,500,2400,15,8,7
2026-07-10T19:20:56,3100,200,500,2400,11,7,4
2026-07-10T19:25:37,3101,200,500,2401,19,10,9
2026-07-10T19:31:08,3101,200,500,2401,2,1,1
2026-07-10T19:35:35,3101,200,500,2401,8,3,5
2026-07-10T19:40:54,3102,200,500,2402,7,4,3
2026-07-10T19:45:43,3102,200,500,2402,9,5,4
2026-07-10T19:51:00,3102,200,500,2402,2,0,2
2026-07-10T19:55:34,3105,200,500,2405,14,9,5
2026-07-10T20:01:05,3105,200,500,2405,12,3,9
2026-07-10T20:05:38,3105,200,500,2405,8,5,3
2026-07-10T20:10:53,3105,200,500,2405,3,1,2
2026-07-10T20:15:42,3106,200,500,2406,30,16,14
2026-07-10T20:20:55,3108,200,500,2408,15,8,7
2026-07-10T20:25:36,3108,200,500,2408,10,5,5
2026-07-10T20:31:05,3108,200,500,2408,22,12,10
2026-07-10T20:35:38,3109,200,500,2409,5,2,3
2026-07-10T20:41:17,3109,200,500,2409,2,1,1
2026-07-10T20:45:47,3110,200,500,2410,11,4,7
2026-07-10T20:50:54,3112,200,500,2412,14,9,5
2026-07-10T20:55:40,3112,200,500,2412,3,2,1
2026-07-10T21:01:12,3113,200,500,2413,25,15,10
2026-07-10T21:05:40,3113,200,500,2413,1,1,0
2026-07-10T21:10:56,3115,200,500,2415,17,8,9
2026-07-10T21:15:40,3115,200,500,2415,5,3,2
2026-07-10T21:20:55,3115,200,500,2415,5,2,3
2026-07-10T21:25:38,3115,200,500,2415,17,6,11
2026-07-10T21:31:02,3118,200,500,2418,10,5,5
2026-07-10T21:35:42,3118,200,500,2418,13,8,5
2026-07-10T21:40:57,3118,200,500,2418,3,0,3
2026-07-10T21:45:42,3119,200,500,2419,22,12,10
2026-07-10T21:51:02,3119,200,500,2419,0,0,0
2026-07-10T21:55:42,3120,200,500,2420,41,23,18
2026-07-10T22:01:08,3120,200,500,2420,0,0,0
2026-07-10T22:05:38,3122,200,500,2422,36,17,19
2026-07-10T22:10:58,3122,200,500,2422,3,3,0
2026-07-10T22:15:40,3120,200,500,2420,23,10,13
2026-07-10T22:20:52,3120,200,500,2420,0,0,0
2026-07-10T22:25:32,3120,200,500,2420,10,5,5
2026-07-10T22:31:05,3120,200,500,2420,0,0,0
2026-07-10T22:35:36,3121,200,500,2421,32,16,16
2026-07-10T22:40:55,3120,200,500,2420,21,11,10
2026-07-10T22:45:44,3123,200,500,2423,32,14,18
2026-07-10T22:50:54,3123,200,500,2423,19,10,9
2026-07-10T22:55:35,3124,200,500,2424,11,6,5
2026-07-10T23:01:03,3124,200,500,2424,5,3,2
2026-07-10T23:05:35,3124,200,500,2424,9,5,4
2026-07-10T23:10:54,3125,200,500,2425,34,16,18
2026-07-10T23:15:44,3125,200,500,2425,12,7,5
2026-07-10T23:20:54,3127,200,500,2427,13,4,9
2026-07-10T23:25:42,3127,200,500,2427,6,3,3
2026-07-10T23:31:02,3133,200,500,2433,26,14,12
2026-07-10T23:35:38,3131,200,500,2431,21,11,10
2026-07-10T23:40:52,3133,200,500,2433,38,22,16
2026-07-10T23:45:39,3133,200,500,2433,6,3,3
2026-07-10T23:50:55,3133,200,500,2433,21,8,13
2026-07-10T23:55:34,3133,200,500,2433,1,1,0
2026-07-11T00:01:05,3132,200,500,2432,10,5,5
2026-07-11T00:05:42,3132,200,500,2432,33,19,14
2026-07-11T00:10:58,3133,200,500,2433,22,13,9
2026-07-11T00:15:38,3133,200,500,2433,7,4,3
2026-07-11T00:20:56,3134,200,500,2434,24,13,11
2026-07-11T00:25:39,3133,200,500,2433,11,5,6
2026-07-11T00:31:03,3135,200,500,2435,65,33,32
2026-07-11T00:35:35,3135,200,500,2435,5,3,2
2026-07-11T00:40:52,3135,200,500,2435,20,11,9
2026-07-11T00:45:42,3135,200,500,2435,3,2,1
2026-07-11T00:50:52,3139,200,500,2439,36,21,15
2026-07-11T00:55:35,3139,200,500,2439,11,6,5
2026-07-11T01:01:00,3139,200,500,2439,17,8,9
2026-07-11T01:05:42,3139,200,500,2439,8,3,5
2026-07-11T01:10:58,3140,200,500,2440,32,18,14
2026-07-11T01:15:37,3140,200,500,2440,11,6,5
2026-07-11T01:20:50,3140,200,500,2440,15,11,4
2026-07-11T01:25:37,3140,200,500,2440,27,16,11
2026-07-11T01:30:55,3143,200,500,2443,44,11,33
2026-07-11T01:35:40,3143,200,500,2443,26,13,13
2026-07-11T01:40:57,3145,200,500,2445,23,13,10
2026-07-11T01:45:41,3145,200,500,2445,10,4,6
2026-07-11T01:50:52,3145,200,500,2445,18,11,7
2026-07-11T01:55:43,3145,200,500,2445,14,8,6
2026-07-11T02:01:07,3146,200,500,2446,5,2,3
2026-07-11T02:05:39,3150,200,500,2450,58,30,28
2026-07-11T02:10:58,3153,200,500,2453,19,10,9
2026-07-11T02:15:40,3153,200,500,2453,18,11,7
2026-07-11T02:21:03,3152,200,500,2452,1,0,1
2026-07-11T02:25:41,3155,200,500,2455,43,19,24
2026-07-11T02:31:03,3154,200,500,2454,22,9,13
2026-07-11T02:35:35,3154,200,500,2454,22,13,9
2026-07-11T02:40:52,3154,200,500,2454,5,1,4
2026-07-11T02:45:42,3157,200,500,2457,36,20,16
2026-07-11T02:50:55,3157,200,500,2457,10,5,5
2026-07-11T02:55:36,3082,200,500,2382,143,29,114
2026-07-11T03:01:05,3082,200,500,2382,1,1,0
2026-07-11T03:05:37,3082,200,500,2382,28,17,11
2026-07-11T03:10:55,3082,200,500,2382,9,5,4
2026-07-11T03:15:43,3082,200,500,2382,16,7,9
2026-07-11T03:20:59,3082,200,500,2382,21,11,10
2026-07-11T03:25:43,3086,200,500,2386,23,11,12
2026-07-11T03:30:56,3086,200,500,2386,11,7,4
2026-07-11T03:35:38,3088,200,500,2388,26,9,17
2026-07-11T03:40:51,3091,200,500,2391,19,9,10
2026-07-11T03:45:37,3089,200,500,2389,7,4,3
2026-07-11T03:50:51,3091,200,500,2391,18,10,8
2026-07-11T03:55:35,3091,200,500,2391,8,7,1
2026-07-11T04:01:04,3091,200,500,2391,10,5,5
2026-07-11T04:05:39,3092,200,500,2392,36,18,18
2026-07-11T04:10:50,3092,200,500,2392,2,1,1
2026-07-11T04:15:37,3095,200,500,2395,22,10,12
2026-07-11T04:20:56,3095,200,500,2395,0,0,0
2026-07-11T04:25:37,3094,200,500,2394,32,18,14
2026-07-11T04:30:58,3094,200,500,2394,5,0,5
2026-07-11T04:35:39,3094,200,500,2394,14,8,6
2026-07-11T04:40:51,3094,200,500,2394,3,3,0
2026-07-11T04:45:41,3094,200,500,2394,18,8,10
2026-07-11T04:50:51,3098,200,500,2398,15,9,6
2026-07-11T04:55:38,3098,200,500,2398,3,2,1
2026-07-11T05:01:01,3106,200,500,2406,53,26,27
2026-07-11T05:05:39,3106,200,500,2406,9,3,6
2026-07-11T05:10:48,3107,200,500,2407,17,12,5
2026-07-11T05:15:41,3107,200,500,2407,11,3,8
2026-07-11T05:20:58,3107,200,500,2407,24,15,9
2026-07-11T05:25:35,3108,200,500,2408,17,9,8
2026-07-11T05:31:04,3108,200,500,2408,0,0,0
2026-07-11T05:35:37,3108,200,500,2408,15,8,7
2026-07-11T05:40:58,3108,200,500,2408,21,8,13
2026-07-11T05:45:39,3108,200,500,2408,16,11,5
2026-07-11T05:50:56,3108,200,500,2408,17,4,13
2026-07-11T05:55:37,3109,200,500,2409,16,9,7
2026-07-11T06:01:02,3110,200,500,2410,24,15,9
2026-07-11T06:05:39,3110,200,500,2410,3,1,2
2026-07-11T06:10:50,3110,200,500,2410,8,4,4
2026-07-11T06:15:45,3111,200,500,2411,2,2,0
2026-07-11T06:20:56,3110,200,500,2410,2,0,2
2026-07-11T06:25:40,3112,200,500,2412,16,7,9
2026-07-11T06:30:58,3112,200,500,2412,11,5,6
2026-07-11T06:35:40,3112,200,500,2412,7,4,3
2026-07-11T06:40:53,3113,200,500,2413,12,6,6
2026-07-11T06:45:38,3113,200,500,2413,5,2,3
2026-07-11T06:50:52,3113,200,500,2413,1,1,0
2026-07-11T06:55:42,3113,200,500,2413,1,0,1
2026-07-11T07:01:05,3114,200,500,2414,6,6,0
2026-07-11T07:05:39,3113,200,500,2413,4,1,3
2026-07-11T07:10:51,3114,200,500,2414,3,3,0
2026-07-11T07:15:35,3115,200,500,2415,7,3,4
2026-07-11T07:20:54,3116,200,500,2416,5,2,3
2026-07-11T07:25:36,3116,200,500,2416,2,2,0
2026-07-11T07:30:57,3116,200,500,2416,5,2,3
2026-07-11T07:35:34,3117,200,500,2417,8,4,4
2026-07-11T07:40:50,3117,200,500,2417,3,1,2
2026-07-11T07:45:44,3117,200,500,2417,9,6,3
2026-07-11T07:50:50,3117,200,500,2417,0,0,0
2026-07-11T07:55:36,3117,200,500,2417,0,0,0
2026-07-11T08:01:06,3117,200,500,2417,0,0,0
2026-07-11T08:05:40,3118,200,500,2418,1,1,0
2026-07-11T08:10:56,3118,200,500,2418,3,1,2
2026-07-11T08:15:41,3118,200,500,2418,3,3,0
2026-07-11T08:20:51,3118,200,500,2418,0,0,0
2026-07-11T08:25:36,3118,200,500,2418,0,0,0
2026-07-11T08:31:01,3118,200,500,2418,0,0,0
2026-07-11T08:35:36,3118,200,500,2418,0,0,0
2026-07-11T08:40:50,3118,200,500,2418,1,0,1
2026-07-11T08:45:37,3120,200,500,2420,4,4,0
2026-07-11T08:51:19,3120,200,500,2420,0,0,0
2026-07-11T08:55:35,3120,200,500,2420,0,0,0
2026-07-11T09:01:03,3120,200,500,2420,2,0,2
2026-07-11T09:05:36,3120,200,500,2420,5,5,0
2026-07-11T09:10:55,3120,200,500,2420,2,0,2
2026-07-11T09:15:43,3120,200,500,2420,0,0,0
2026-07-11T09:20:56,3120,200,500,2420,0,0,0
2026-07-11T09:25:36,3120,200,500,2420,1,1,0
2026-07-11T09:30:57,3120,200,500,2420,0,0,0
2026-07-11T09:35:35,3120,200,500,2420,0,0,0
2026-07-11T09:40:54,3120,200,500,2420,5,3,2
2026-07-11T09:45:45,3120,200,500,2420,1,1,0
2026-07-11T09:50:51,3120,200,500,2420,0,0,0
2026-07-11T09:55:36,3120,200,500,2420,0,0,0
2026-07-11T10:01:07,3120,200,500,2420,0,0,0
2026-07-11T10:05:40,3120,200,500,2420,2,1,1
2026-07-11T10:10:53,3120,200,500,2420,4,2,2
2026-07-11T10:15:41,3120,200,500,2420,2,0,2
2026-07-11T10:20:56,3119,200,500,2419,3,2,1
2026-07-11T10:25:35,3119,200,500,2419,1,0,1
2026-07-11T10:31:01,3119,200,500,2419,0,0,0
2026-07-11T10:35:39,3119,200,500,2419,0,0,0
2026-07-11T10:40:58,3119,200,500,2419,0,0,0
2026-07-11T10:45:44,3119,200,500,2419,0,0,0
2026-07-11T10:50:54,3119,200,500,2419,0,0,0
2026-07-11T10:55:40,3119,200,500,2419,2,0,2
2026-07-11T11:01:03,3119,200,500,2419,7,6,1
2026-07-11T11:05:39,3119,200,500,2419,2,0,2
2026-07-11T11:10:55,3119,200,500,2419,0,0,0
2026-07-11T11:15:37,3119,200,500,2419,1,0,1
2026-07-11T11:20:58,3119,200,500,2419,0,0,0
2026-07-11T11:25:40,3119,200,500,2419,0,0,0
2026-07-11T11:30:59,3119,200,500,2419,0,0,0
2026-07-11T11:35:38,3119,200,500,2419,1,1,0
2026-07-11T11:40:53,3119,200,500,2419,0,0,0
2026-07-11T11:45:39,3119,200,500,2419,0,0,0
2026-07-11T11:50:52,3119,200,500,2419,0,0,0
2026-07-11T11:55:36,3119,200,500,2419,2,1,1
2026-07-11T12:01:05,3119,200,500,2419,0,0,0
2026-07-11T12:05:36,3119,200,500,2419,0,0,0
2026-07-11T12:10:53,3120,200,500,2420,1,0,1
2026-07-11T12:15:47,3120,200,500,2420,0,0,0
2026-07-11T12:20:51,3120,200,500,2420,0,0,0
2026-07-11T12:25:34,3120,200,500,2420,2,2,0
2026-07-11T12:30:57,3120,200,500,2420,3,0,3
2026-07-11T12:35:35,3120,200,500,2420,0,0,0
2026-07-11T12:40:56,3120,200,500,2420,1,0,1
2026-07-11T12:45:37,3120,200,500,2420,3,1,2
2026-07-11T12:50:51,3120,200,500,2420,1,1,0
2026-07-11T12:55:34,3120,200,500,2420,0,0,0
2026-07-11T13:01:00,3120,200,500,2420,3,3,0
2026-07-11T13:05:38,3120,200,500,2420,5,2,3
2026-07-11T13:10:55,3120,200,500,2420,0,0,0
2026-07-11T13:15:38,3120,200,500,2420,0,0,0
2026-07-11T13:20:51,3119,200,500,2419,1,1,0
2026-07-11T13:25:42,3119,200,500,2419,1,0,1
2026-07-11T13:31:03,3119,200,500,2419,4,3,1
2026-07-11T13:35:35,3119,200,500,2419,1,1,0
2026-07-11T13:40:52,3119,200,500,2419,0,0,0
2026-07-11T13:45:38,3120,200,500,2420,7,2,5
2026-07-11T13:50:55,3120,200,500,2420,1,0,1
2026-07-11T13:55:35,3120,200,500,2420,7,4,3
2026-07-11T14:01:02,3120,200,500,2420,0,0,0
2026-07-11T14:05:37,3120,200,500,2420,0,0,0
2026-07-11T14:11:00,3120,200,500,2420,10,5,5
2026-07-11T14:15:44,3120,200,500,2420,10,5,5
2026-07-11T14:20:55,3120,200,500,2420,0,0,0
2026-07-11T14:25:37,3120,200,500,2420,2,1,1
2026-07-11T14:30:56,3120,200,500,2420,3,2,1
2026-07-11T14:35:39,3121,200,500,2421,12,5,7
2026-07-11T14:40:52,3121,200,500,2421,4,3,1
2026-07-11T14:45:38,3121,200,500,2421,7,3,4
2026-07-11T14:50:51,3121,200,500,2421,0,0,0
2026-07-11T14:55:37,3124,200,500,2424,18,8,10
2026-07-11T15:01:01,3124,200,500,2424,5,3,2
2026-07-11T15:05:37,3124,200,500,2424,10,5,5
2026-07-11T15:10:53,3124,200,500,2424,14,8,6
2026-07-11T15:15:38,3124,200,500,2424,0,0,0
2026-07-11T15:20:54,3124,200,500,2424,9,6,3
2026-07-11T15:25:37,3124,200,500,2424,0,0,0
2026-07-11T15:31:01,3124,200,500,2424,17,9,8
2026-07-11T15:35:39,3124,200,500,2424,3,2,1
2026-07-11T15:40:56,3124,200,500,2424,8,6,2
2026-07-11T15:45:44,3124,200,500,2424,0,0,0
2026-07-11T15:50:52,3124,200,500,2424,20,11,9
2026-07-11T15:55:35,3124,200,500,2424,0,0,0
2026-07-11T16:01:05,3125,200,500,2425,9,3,6
2026-07-11T16:05:36,3125,200,500,2425,9,5,4
2026-07-11T16:10:52,3126,200,500,2426,11,7,4
2026-07-11T16:15:39,3126,200,500,2426,0,0,0
2026-07-11T16:20:50,3126,200,500,2426,0,0,0
2026-07-11T16:25:37,3125,200,500,2425,3,2,1
2026-07-11T16:30:59,3125,200,500,2425,4,3,1
2026-07-11T16:35:35,3125,200,500,2425,20,11,9
2026-07-11T16:40:53,3125,200,500,2425,0,0,0
2026-07-11T16:45:41,3125,200,500,2425,16,9,7
2026-07-11T16:50:47,3125,200,500,2425,1,1,0
2026-07-11T16:55:34,3125,200,500,2425,22,13,9
2026-07-11T17:01:05,3125,200,500,2425,5,2,3
2026-07-11T17:05:39,3126,200,500,2426,22,11,11
2026-07-11T17:10:50,3126,200,500,2426,5,2,3
2026-07-11T17:15:40,3128,200,500,2428,20,13,7
2026-07-11T17:20:55,3128,200,500,2428,14,7,7
2026-07-11T17:25:35,3128,200,500,2428,8,6,2
2026-07-11T17:31:07,3128,200,500,2428,24,13,11
2026-07-11T17:35:40,3128,200,500,2428,6,3,3
2026-07-11T17:40:55,3128,200,500,2428,7,4,3
2026-07-11T17:45:39,3129,200,500,2429,17,7,10
2026-07-11T17:50:56,3129,200,500,2429,6,2,4
2026-07-11T17:55:35,3130,200,500,2430,4,2,2
2026-07-11T18:00:59,3130,200,500,2430,13,9,4
2026-07-11T18:05:39,3130,200,500,2430,5,4,1
2026-07-11T18:10:56,3131,200,500,2431,30,14,16
2026-07-11T18:15:39,3131,200,500,2431,0,0,0
2026-07-11T18:20:49,3131,200,500,2431,14,3,11
2026-07-11T18:25:37,3132,200,500,2432,13,9,4
2026-07-11T18:30:56,3133,200,500,2433,35,18,17
2026-07-11T18:35:39,3133,200,500,2433,15,6,9
2026-07-11T18:40:55,3134,200,500,2434,13,7,6
2026-07-11T18:45:40,3138,200,500,2438,21,11,10
2026-07-11T18:50:54,3139,200,500,2439,13,7,6
2026-07-11T18:55:35,3139,200,500,2439,2,2,0
2026-07-11T19:01:00,3144,200,500,2444,28,13,15
2026-07-11T19:05:42,3144,200,500,2444,11,7,4
2026-07-11T19:10:53,3144,200,500,2444,19,7,12
2026-07-11T19:15:41,3144,200,500,2444,0,0,0
2026-07-11T19:20:51,3147,200,500,2447,52,28,24
2026-07-11T19:25:38,3147,200,500,2447,7,4,3
2026-07-11T19:31:00,3150,200,500,2450,30,13,17
2026-07-11T19:35:39,3150,200,500,2450,19,9,10
2026-07-11T19:40:56,3149,200,500,2449,18,7,11
2026-07-11T19:45:39,3152,200,500,2452,25,11,14
2026-07-11T19:50:53,3151,200,500,2451,13,9,4
2026-07-11T19:55:34,3152,200,500,2452,36,11,25
2026-07-11T20:01:07,3153,200,500,2453,37,23,14
2026-07-11T20:05:35,3152,200,500,2452,27,13,14
2026-07-11T20:10:54,3154,200,500,2454,43,23,20
2026-07-11T20:15:39,3156,200,500,2456,11,5,6
2026-07-11T20:20:51,3157,200,500,2457,11,8,3
2026-07-11T20:25:39,3158,200,500,2458,59,31,28
2026-07-11T20:30:58,3157,200,500,2457,15,8,7
2026-07-11T20:35:38,3161,200,500,2461,55,30,25
2026-07-11T20:41:03,3160,200,500,2460,19,10,9
2026-07-11T20:45:38,3161,200,500,2461,15,8,7
2026-07-11T20:50:54,3162,200,500,2462,24,10,14
2026-07-11T20:55:39,3162,200,500,2462,8,5,3
2026-07-11T21:01:01,3165,200,500,2465,10,6,4
2026-07-11T21:05:42,3166,200,500,2466,11,7,4
2026-07-11T21:11:00,3166,200,500,2466,27,16,11
2026-07-11T21:15:41,3166,200,500,2466,7,3,4
2026-07-11T21:20:53,3166,200,500,2466,9,5,4
2026-07-11T21:25:39,3166,200,500,2466,2,0,2
2026-07-11T21:31:00,3167,200,500,2467,13,5,8
2026-07-11T21:35:37,3167,200,500,2467,4,2,2
2026-07-11T21:40:54,3169,200,500,2469,21,12,9
2026-07-11T21:45:41,3169,200,500,2469,6,3,3
2026-07-11T21:50:54,3170,200,500,2470,23,13,10
2026-07-11T21:55:36,3170,200,500,2470,4,2,2
2026-07-11T22:01:03,3170,200,500,2470,8,3,5
2026-07-11T22:05:38,3170,200,500,2470,14,10,4
2026-07-11T22:10:54,3170,200,500,2470,28,17,11
2026-07-11T22:15:38,3171,200,500,2471,15,9,6
2026-07-11T22:20:57,3171,200,500,2471,6,1,5
2026-07-11T22:25:37,3173,200,500,2473,12,6,6
2026-07-11T22:30:58,3173,200,500,2473,13,5,8
2026-07-11T22:35:37,3173,200,500,2473,10,6,4
2026-07-11T22:40:56,3173,200,500,2473,10,5,5
2026-07-11T22:45:45,3173,200,500,2473,31,15,16
2026-07-11T22:50:54,3173,200,500,2473,9,4,5
2026-07-11T22:55:38,3173,200,500,2473,2,1,1
2026-07-11T23:01:02,3173,200,500,2473,11,6,5
2026-07-11T23:05:37,3175,200,500,2475,11,7,4
2026-07-11T23:10:51,3175,200,500,2475,6,2,4
2026-07-11T23:15:46,3175,200,500,2475,15,7,8
2026-07-11T23:20:50,3175,200,500,2475,9,3,6
2026-07-11T23:25:42,3176,200,500,2476,40,25,15
2026-07-11T23:30:58,3176,200,500,2476,4,0,4
2026-07-11T23:35:45,3177,200,500,2477,10,7,3
2026-07-11T23:40:54,3178,200,500,2478,8,3,5
2026-07-11T23:45:39,3179,200,500,2479,8,5,3
2026-07-11T23:50:55,3180,200,500,2480,21,7,14
2026-07-11T23:55:38,3180,200,500,2480,7,4,3
2026-07-12T00:01:09,3180,200,500,2480,20,10,10
2026-07-12T00:05:39,3180,200,500,2480,1,0,1
2026-07-12T00:10:56,3180,200,500,2480,8,4,4
2026-07-12T00:15:41,3179,200,500,2479,11,6,5
2026-07-12T00:20:59,3179,200,500,2479,12,6,6
2026-07-12T00:25:40,3180,200,500,2480,32,18,14
2026-07-12T00:31:06,3180,200,500,2480,13,10,3
2026-07-12T00:35:39,3180,200,500,2480,12,7,5
2026-07-12T00:40:54,3184,200,500,2484,25,13,12
2026-07-12T00:45:37,3184,200,500,2484,14,9,5
2026-07-12T00:50:54,3184,200,500,2484,5,2,3
2026-07-12T00:55:36,3184,200,500,2484,5,3,2
2026-07-12T01:00:58,3187,200,500,2487,35,19,16
2026-07-12T01:05:41,3188,200,500,2488,26,16,10
2026-07-12T01:10:58,3188,200,500,2488,13,8,5
2026-07-12T01:15:40,3188,200,500,2488,16,4,12
2026-07-12T01:20:54,3188,200,500,2488,0,0,0
2026-07-12T01:25:37,3187,200,500,2487,45,28,17
2026-07-12T01:31:01,3187,200,500,2487,10,4,6
2026-07-12T01:35:40,3189,200,500,2489,42,25,17
2026-07-12T01:41:01,3190,200,500,2490,19,10,9
2026-07-12T01:45:40,3191,200,500,2491,25,10,15
2026-07-12T01:50:51,3191,200,500,2491,25,13,12
2026-07-12T01:55:43,3191,200,500,2491,9,6,3
2026-07-12T02:01:00,3191,200,500,2491,13,3,10
2026-07-12T02:05:36,3191,200,500,2491,17,10,7
2026-07-12T02:10:54,3192,200,500,2492,32,19,13
2026-07-12T02:15:40,3193,200,500,2493,29,13,16
2026-07-12T02:20:51,3192,200,500,2492,10,5,5
2026-07-12T02:25:36,3196,200,500,2496,22,11,11
2026-07-12T02:30:57,3199,200,500,2499,23,12,11
2026-07-12T02:35:40,3200,200,500,2500,28,12,16
2026-07-12T02:40:53,3201,200,500,2501,5,4,1
2026-07-12T02:45:40,3201,200,500,2501,21,12,9
2026-07-12T02:50:50,3101,200,500,2401,86,8,78
2026-07-12T02:55:39,3101,200,500,2401,10,9,1
2026-07-12T03:01:01,3101,200,500,2401,39,6,33
2026-07-12T03:05:40,3102,200,500,2402,10,7,3
2026-07-12T03:10:55,3103,200,500,2403,61,28,33
2026-07-12T03:15:40,3103,200,500,2403,22,13,9
2026-07-12T03:20:54,3105,200,500,2405,11,6,5
2026-07-12T03:25:43,3105,200,500,2405,4,1,3
2026-07-12T03:31:00,3105,200,500,2405,17,13,4
2026-07-12T03:35:42,3105,200,500,2405,2,1,1
2026-07-12T03:40:49,3105,200,500,2405,35,18,17
2026-07-12T03:45:38,3106,200,500,2406,18,10,8
2026-07-12T03:50:51,3106,200,500,2406,26,14,12
2026-07-12T03:55:36,3106,200,500,2406,17,8,9
2026-07-12T04:01:02,3106,200,500,2406,18,13,5
2026-07-12T04:05:40,3105,200,500,2405,4,2,2
2026-07-12T04:10:55,3106,200,500,2406,6,3,3
2026-07-12T04:15:40,3107,200,500,2407,16,6,10
2026-07-12T04:20:51,3107,200,500,2407,18,13,5
2026-07-12T04:25:42,3107,200,500,2407,7,5,2
2026-07-12T04:30:59,3108,200,500,2408,44,23,21
2026-07-12T04:35:35,3108,200,500,2408,14,7,7
2026-07-12T04:40:51,3108,200,500,2408,15,8,7
2026-07-12T04:45:39,3110,200,500,2410,8,5,3
2026-07-12T04:50:54,3111,200,500,2411,13,6,7
2026-07-12T04:55:35,3112,200,500,2412,26,13,13
2026-07-12T05:01:04,3112,200,500,2412,8,5,3
2026-07-12T05:05:36,3112,200,500,2412,11,5,6
2026-07-12T05:10:52,3111,200,500,2411,16,8,8
2026-07-12T05:15:40,3111,200,500,2411,24,15,9
2026-07-12T05:20:56,3111,200,500,2411,0,0,0
2026-07-12T05:25:36,3112,200,500,2412,28,12,16
2026-07-12T05:31:04,3114,200,500,2414,6,3,3
2026-07-12T05:35:39,3114,200,500,2414,9,6,3
2026-07-12T05:40:52,3116,200,500,2416,12,4,8
2026-07-12T05:45:39,3116,200,500,2416,6,4,2
2026-07-12T05:50:50,3116,200,500,2416,14,4,10
2026-07-12T05:55:43,3119,200,500,2419,26,16,10
2026-07-12T06:01:03,3117,200,500,2417,1,1,0
2026-07-12T06:05:44,3117,200,500,2417,30,17,13
2026-07-12T06:10:56,3117,200,500,2417,4,3,1
2026-07-12T06:15:43,3117,200,500,2417,5,2,3
2026-07-12T06:20:51,3118,200,500,2418,13,8,5
2026-07-12T06:25:37,3118,200,500,2418,2,2,0
2026-07-12T06:31:01,3118,200,500,2418,5,2,3
2026-07-12T06:35:41,3119,200,500,2419,16,8,8
2026-07-12T06:40:53,3119,200,500,2419,4,2,2
2026-07-12T06:45:40,3120,200,500,2420,6,4,2
2026-07-12T06:50:52,3120,200,500,2420,4,3,1
2026-07-12T07:01:03,3121,200,500,2421,25,12,13
2026-07-12T07:05:35,3121,200,500,2421,0,0,0
2026-07-12T07:10:50,3121,200,500,2421,6,4,2
2026-07-12T07:15:47,3121,200,500,2421,0,0,0
2026-07-12T07:20:54,3121,200,500,2421,10,5,5
2026-07-12T07:25:40,3121,200,500,2421,4,2,2
2026-07-12T07:31:03,3121,200,500,2421,5,2,3
2026-07-12T07:35:35,3121,200,500,2421,1,1,0
2026-07-12T07:40:53,3121,200,500,2421,8,4,4
2026-07-12T07:45:39,3121,200,500,2421,0,0,0
2026-07-12T07:51:00,3121,200,500,2421,5,2,3
2026-07-12T07:55:38,3121,200,500,2421,0,0,0
2026-07-12T08:01:03,3121,200,500,2421,0,0,0
2026-07-12T08:05:38,3121,200,500,2421,0,0,0
2026-07-12T08:10:50,3122,200,500,2422,3,2,1
2026-07-12T08:15:40,3121,200,500,2421,5,2,3
2026-07-12T08:20:58,3122,200,500,2422,6,4,2
2026-07-12T08:25:37,3122,200,500,2422,4,1,3
2026-07-12T08:30:58,3122,200,500,2422,2,2,0
2026-07-12T08:35:39,3124,200,500,2424,1,0,1
2026-07-12T08:41:01,3124,200,500,2424,0,0,0
2026-07-12T08:45:43,3124,200,500,2424,0,0,0
2026-07-12T08:50:54,3124,200,500,2424,0,0,0
2026-07-12T08:55:37,3124,200,500,2424,0,0,0
2026-07-12T09:01:03,3124,200,500,2424,0,0,0
2026-07-12T09:05:39,3124,200,500,2424,2,1,1
2026-07-12T09:10:59,3124,200,500,2424,4,3,1
2026-07-12T09:15:41,3124,200,500,2424,1,0,1
2026-07-12T09:20:51,3124,200,500,2424,3,2,1
2026-07-12T09:25:36,3124,200,500,2424,0,0,0
2026-07-12T09:31:00,3124,200,500,2424,0,0,0
2026-07-12T09:35:38,3124,200,500,2424,0,0,0
2026-07-12T09:40:54,3124,200,500,2424,5,3,2
2026-07-12T09:45:43,3124,200,500,2424,0,0,0
2026-07-12T09:50:54,3124,200,500,2424,0,0,0
2026-07-12T09:55:39,3124,200,500,2424,0,0,0
2026-07-12T10:01:03,3124,200,500,2424,0,0,0
2026-07-12T10:05:40,3124,200,500,2424,0,0,0
2026-07-12T10:10:56,3124,200,500,2424,0,0,0
2026-07-12T10:15:40,3124,200,500,2424,0,0,0
2026-07-12T10:20:57,3124,200,500,2424,4,2,2
2026-07-12T10:25:40,3124,200,500,2424,0,0,0
2026-07-12T10:31:01,3124,200,500,2424,0,0,0
2026-07-12T10:35:43,3124,200,500,2424,0,0,0
2026-07-12T10:40:53,3124,200,500,2424,0,0,0
2026-07-12T10:45:40,3124,200,500,2424,0,0,0
2026-07-12T10:50:52,3124,200,500,2424,0,0,0
2026-07-12T10:55:38,3124,200,500,2424,0,0,0
2026-07-12T11:02:03,3124,200,500,2424,0,0,0
2026-07-12T11:05:40,3124,200,500,2424,3,2,1
2026-07-12T11:10:55,3124,200,500,2424,0,0,0
2026-07-12T11:15:41,3124,200,500,2424,0,0,0
2026-07-12T11:20:55,3124,200,500,2424,5,2,3
2026-07-12T11:25:40,3124,200,500,2424,0,0,0
2026-07-12T11:31:02,3124,200,500,2424,0,0,0
2026-07-12T11:35:37,3124,200,500,2424,1,1,0
2026-07-12T11:40:54,3124,200,500,2424,0,0,0
2026-07-12T11:45:41,3124,200,500,2424,0,0,0
2026-07-12T11:50:54,3124,200,500,2424,0,0,0
2026-07-12T11:55:42,3124,200,500,2424,0,0,0
2026-07-12T12:01:08,3124,200,500,2424,1,1,0
2026-07-12T12:05:44,3124,200,500,2424,5,2,3
2026-07-12T12:10:58,3124,200,500,2424,0,0,0
2026-07-12T12:15:40,3124,200,500,2424,0,0,0
2026-07-12T12:20:52,3124,200,500,2424,0,0,0
2026-07-12T12:25:35,3124,200,500,2424,0,0,0
2026-07-12T12:31:00,3124,200,500,2424,0,0,0
2026-07-12T12:35:39,3124,200,500,2424,0,0,0
2026-07-12T12:40:55,3124,200,500,2424,0,0,0
2026-07-12T12:45:43,3124,200,500,2424,3,2,1
2026-07-12T12:50:50,3124,200,500,2424,0,0,0
2026-07-12T12:55:37,3124,200,500,2424,0,0,0
2026-07-12T13:01:02,3125,200,500,2425,0,0,0
2026-07-12T13:05:40,3125,200,500,2425,5,1,4
2026-07-12T13:10:55,3125,200,500,2425,3,3,0
2026-07-12T13:15:41,3125,200,500,2425,0,0,0
2026-07-12T13:20:55,3125,200,500,2425,0,0,0
2026-07-12T13:25:36,3126,200,500,2426,8,3,5
2026-07-12T13:30:57,3126,200,500,2426,2,1,1
2026-07-12T13:35:43,3126,200,500,2426,3,2,1
2026-07-12T13:40:55,3126,200,500,2426,2,1,1
2026-07-12T13:45:38,3126,200,500,2426,0,0,0
2026-07-12T13:50:58,3126,200,500,2426,2,1,1
2026-07-12T13:55:37,3126,200,500,2426,7,4,3
2026-07-12T14:01:01,3127,200,500,2427,12,7,5
2026-07-12T14:05:35,3127,200,500,2427,1,0,1
2026-07-12T14:10:56,3127,200,500,2427,9,5,4
2026-07-12T14:15:42,3127,200,500,2427,7,4,3
2026-07-12T14:20:58,3127,200,500,2427,2,1,1
2026-07-12T14:25:41,3127,200,500,2427,6,5,1
2026-07-12T14:30:57,3127,200,500,2427,5,4,1
2026-07-12T14:35:36,3127,200,500,2427,0,0,0
2026-07-12T14:40:57,3127,200,500,2427,1,0,1
2026-07-12T14:45:38,3127,200,500,2427,1,1,0
2026-07-12T14:50:53,3128,200,500,2428,7,4,3
2026-07-12T14:55:38,3129,200,500,2429,8,4,4
2026-07-12T15:01:01,3129,200,500,2429,5,3,2
2026-07-12T15:05:37,3130,200,500,2430,10,5,5
2026-07-12T15:10:53,3130,200,500,2430,3,3,0
2026-07-12T15:15:41,3129,200,500,2429,14,6,8
2026-07-12T15:20:53,3129,200,500,2429,0,0,0
2026-07-12T15:25:35,3129,200,500,2429,10,6,4
2026-07-12T15:30:57,3131,200,500,2431,18,11,7
2026-07-12T15:35:35,3130,200,500,2430,13,6,7
2026-07-12T15:40:53,3132,200,500,2432,14,9,5
2026-07-12T15:45:38,3132,200,500,2432,10,3,7
2026-07-12T15:50:56,3132,200,500,2432,7,4,3
2026-07-12T15:55:41,3132,200,500,2432,23,11,12
2026-07-12T16:01:01,3132,200,500,2432,9,5,4
2026-07-12T16:05:40,3132,200,500,2432,13,7,6
2026-07-12T16:10:54,3135,200,500,2435,13,8,5
2026-07-12T16:15:40,3136,200,500,2436,19,9,10
2026-07-12T16:20:54,3136,200,500,2436,11,6,5
2026-07-12T16:25:39,3136,200,500,2436,25,14,11
2026-07-12T16:30:57,3136,200,500,2436,3,1,2
2026-07-12T16:35:39,3136,200,500,2436,16,7,9
2026-07-12T16:40:53,3137,200,500,2437,14,10,4
2026-07-12T16:45:39,3137,200,500,2437,3,1,2
2026-07-12T16:51:00,3139,200,500,2439,26,17,9
2026-07-12T16:55:39,3139,200,500,2439,4,2,2
2026-07-12T17:01:01,3141,200,500,2441,10,5,5
2026-07-12T17:05:36,3140,200,500,2440,11,6,5
2026-07-12T17:10:53,3139,200,500,2439,17,10,7
2026-07-12T17:15:39,3139,200,500,2439,0,0,0
2026-07-12T17:20:52,3139,200,500,2439,1,0,1
2026-07-12T17:25:35,3138,200,500,2438,32,16,16
2026-07-12T17:30:59,3138,200,500,2438,34,20,14
2026-07-12T17:35:37,3137,200,500,2437,15,7,8
2026-07-12T17:40:49,3139,200,500,2439,4,2,2
2026-07-12T17:45:40,3141,200,500,2441,7,2,5
2026-07-12T17:50:56,3140,200,500,2440,8,4,4
2026-07-12T17:55:38,3141,200,500,2441,13,5,8
2026-07-12T18:01:08,3141,200,500,2441,13,8,5
2026-07-12T18:05:37,3141,200,500,2441,10,3,7
2026-07-12T18:10:56,3141,200,500,2441,15,9,6
2026-07-12T18:15:37,3143,200,500,2443,39,21,18
2026-07-12T18:20:55,3143,200,500,2443,12,6,6
2026-07-12T18:25:40,3143,200,500,2443,18,12,6
2026-07-12T18:30:58,3144,200,500,2444,31,19,12
2026-07-12T18:35:42,3144,200,500,2444,0,0,0
2026-07-12T18:40:52,3144,200,500,2444,5,4,1
2026-07-12T18:45:39,3145,200,500,2445,19,11,8
2026-07-12T18:50:53,3145,200,500,2445,1,0,1
2026-07-12T18:55:39,3144,200,500,2444,36,20,16
2026-07-12T19:01:01,3144,200,500,2444,0,0,0
2026-07-12T19:05:37,3146,200,500,2446,18,10,8
2026-07-12T19:10:57,3147,200,500,2447,24,14,10
2026-07-12T19:15:40,3147,200,500,2447,10,6,4
2026-07-12T19:20:52,3147,200,500,2447,29,16,13
2026-07-12T19:25:39,3148,200,500,2448,11,8,3
2026-07-12T19:31:01,3151,200,500,2451,26,13,13
2026-07-12T19:35:38,3151,200,500,2451,24,13,11
2026-07-12T19:40:56,3152,200,500,2452,13,6,7
2026-07-12T19:45:41,3151,200,500,2451,19,4,15
2026-07-12T19:50:52,3156,200,500,2456,27,14,13
2026-07-12T19:55:39,3153,200,500,2453,25,15,10
2026-07-12T20:01:03,3158,200,500,2458,49,25,24
2026-07-12T20:05:42,3158,200,500,2458,6,4,2
2026-07-12T20:10:52,3159,200,500,2459,34,17,17
2026-07-12T20:15:45,3159,200,500,2459,13,8,5
2026-07-12T20:20:52,3159,200,500,2459,50,30,20
2026-07-12T20:25:39,3159,200,500,2459,10,7,3
2026-07-12T20:31:06,3161,200,500,2461,35,15,20
2026-07-12T20:35:39,3161,200,500,2461,8,4,4
2026-07-12T20:40:56,3164,200,500,2464,23,15,8
2026-07-12T20:45:39,3166,200,500,2466,38,19,19
2026-07-12T20:50:58,3169,200,500,2469,23,12,11
2026-07-12T20:55:40,3170,200,500,2470,17,7,10
2026-07-12T21:01:04,3171,200,500,2471,15,8,7
2026-07-12T21:05:35,3171,200,500,2471,16,7,9
2026-07-12T21:10:54,3172,200,500,2472,34,18,16
2026-07-12T21:15:39,3172,200,500,2472,2,2,0
2026-07-12T21:20:53,3173,200,500,2473,30,16,14
2026-07-12T21:25:38,3177,200,500,2477,27,14,13
2026-07-12T21:30:59,3180,200,500,2480,19,11,8
2026-07-12T21:35:39,3178,200,500,2478,15,7,8
2026-07-12T21:40:55,3183,200,500,2483,47,24,23
2026-07-12T21:45:41,3186,200,500,2486,46,28,18
2026-07-12T21:50:51,3186,200,500,2486,15,6,9
2026-07-12T21:55:35,3186,200,500,2486,47,25,22
2026-07-12T22:01:02,3187,200,500,2487,5,2,3
2026-07-12T22:05:41,3188,200,500,2488,37,23,14
2026-07-12T22:10:55,3188,200,500,2488,5,1,4
2026-07-12T22:15:45,3189,200,500,2489,17,7,10
2026-07-12T22:20:51,3189,200,500,2489,2,0,2
2026-07-12T22:25:40,3191,200,500,2491,35,17,18
2026-07-12T22:30:58,3193,200,500,2493,40,21,19
2026-07-12T22:35:38,3193,200,500,2493,2,1,1
2026-07-12T22:40:55,3195,200,500,2495,24,9,15
2026-07-12T22:45:40,3195,200,500,2495,5,3,2
2026-07-12T22:50:55,3196,200,500,2496,60,30,30
2026-07-12T22:55:39,3196,200,500,2496,25,14,11
2026-07-12T23:01:05,3196,200,500,2496,31,11,20
2026-07-12T23:05:36,3197,200,500,2497,8,5,3
2026-07-12T23:10:54,3198,200,500,2498,36,15,21
2026-07-12T23:15:40,3198,200,500,2498,8,1,7
2026-07-12T23:20:53,3198,200,500,2498,24,10,14
2026-07-12T23:25:42,3201,200,500,2501,19,8,11
2026-07-12T23:31:02,3202,200,500,2502,20,13,7
2026-07-12T23:35:37,3202,200,500,2502,1,0,1
2026-07-12T23:40:51,3205,200,500,2505,49,25,24
2026-07-12T23:45:37,3206,200,500,2506,4,1,3
2026-07-12T23:50:52,3209,200,500,2509,29,8,21
2026-07-12T23:55:36,3209,200,500,2509,18,12,6
2026-07-13T00:01:07,3212,200,500,2512,27,10,17
2026-07-13T00:05:37,3211,200,500,2511,6,4,2
2026-07-13T00:10:55,3214,200,500,2514,62,31,31
2026-07-13T00:15:45,3215,200,500,2515,6,4,2
2026-07-13T00:20:55,3215,200,500,2515,22,12,10
2026-07-13T00:25:35,3215,200,500,2515,15,10,5
2026-07-13T00:30:57,3218,200,500,2518,35,17,18
2026-07-13T00:35:39,3217,200,500,2517,13,8,5
2026-07-13T00:40:55,3223,200,500,2523,31,16,15
2026-07-13T00:45:42,3223,200,500,2523,22,11,11
2026-07-13T00:50:53,3228,200,500,2528,39,18,21
2026-07-13T00:55:38,3228,200,500,2528,8,2,6
2026-07-13T01:01:03,3230,200,500,2530,43,21,22
2026-07-13T01:05:36,3231,200,500,2531,0,0,0
2026-07-13T01:10:56,3231,200,500,2531,10,4,6
2026-07-13T01:15:45,3232,200,500,2532,54,33,21
2026-07-13T01:20:59,3232,200,500,2532,20,11,9
2026-07-13T01:25:40,3232,200,500,2532,8,5,3
2026-07-13T01:30:56,3232,200,500,2532,3,2,1
2026-07-13T01:35:39,3232,200,500,2532,24,13,11
2026-07-13T01:40:55,3233,200,500,2533,12,6,6
2026-07-13T01:45:44,3238,200,500,2538,68,28,40
2026-07-13T01:50:52,3238,200,500,2538,41,21,20
2026-07-13T01:55:38,3238,200,500,2538,7,3,4
2026-07-13T02:01:03,3238,200,500,2538,30,17,13
2026-07-13T02:05:38,3238,200,500,2538,26,14,12
2026-07-13T02:10:54,3238,200,500,2538,4,3,1
2026-07-13T02:15:43,3238,200,500,2538,36,21,15
2026-07-13T02:20:56,3238,200,500,2538,0,0,0
2026-07-13T02:25:37,3242,200,500,2542,40,19,21
2026-07-13T02:32:50,3241,200,500,2541,24,13,11
2026-07-13T02:35:38,3241,200,500,2541,9,6,3
2026-07-13T02:40:49,3241,200,500,2541,0,0,0
2026-07-13T02:45:37,3242,200,500,2542,37,18,19
2026-07-13T02:50:52,3242,200,500,2542,37,6,31
2026-07-13T02:55:37,3134,200,500,2434,105,16,89
2026-07-13T03:00:59,3134,200,500,2434,11,3,8
2026-07-13T03:05:41,3136,200,500,2436,12,8,4
2026-07-13T03:10:54,3137,200,500,2437,26,12,14
2026-07-13T03:15:38,3137,200,500,2437,4,2,2
2026-07-13T03:20:55,3137,200,500,2437,6,3,3
2026-07-13T03:25:39,3138,200,500,2438,24,12,12
2026-07-13T03:30:57,3139,200,500,2439,17,8,9
2026-07-13T03:35:37,3139,200,500,2439,9,3,6
2026-07-13T03:40:59,3139,200,500,2439,26,17,9
2026-07-13T03:45:41,3139,200,500,2439,3,0,3
2026-07-13T03:50:51,3139,200,500,2439,12,6,6
2026-07-13T03:55:39,3139,200,500,2439,0,0,0
2026-07-13T04:01:55,3141,200,500,2441,37,17,20
2026-07-13T04:05:38,3141,200,500,2441,1,1,0
2026-07-13T04:10:51,3142,200,500,2442,20,7,13
2026-07-13T04:15:39,3142,200,500,2442,17,8,9
2026-07-13T04:20:54,3142,200,500,2442,5,2,3
2026-07-13T04:25:39,3142,200,500,2442,2,1,1
2026-07-13T04:30:57,3142,200,500,2442,18,9,9
2026-07-13T04:35:43,3144,200,500,2444,12,9,3
2026-07-13T04:40:51,3144,200,500,2444,5,1,4
2026-07-13T04:45:38,3144,200,500,2444,26,14,12
2026-07-13T04:50:59,3144,200,500,2444,10,4,6
2026-07-13T04:55:40,3144,200,500,2444,2,2,0
2026-07-13T05:01:02,3146,200,500,2446,8,5,3
2026-07-13T05:05:37,3146,200,500,2446,8,4,4
2026-07-13T05:10:59,3146,200,500,2446,28,17,11
2026-07-13T05:15:39,3147,200,500,2447,20,6,14
2026-07-13T05:20:53,3147,200,500,2447,24,16,8
2026-07-13T05:25:36,3148,200,500,2448,8,3,5
2026-07-13T05:31:00,3148,200,500,2448,3,1,2
2026-07-13T05:35:38,3149,200,500,2449,10,6,4
2026-07-13T05:40:56,3149,200,500,2449,5,4,1
2026-07-13T05:45:41,3150,200,500,2450,2,2,0
2026-07-13T05:50:53,3150,200,500,2450,0,0,0
2026-07-13T05:55:35,3150,200,500,2450,8,5,3
2026-07-13T06:01:11,3150,200,500,2450,20,16,4
2026-07-13T06:05:39,3151,200,500,2451,4,2,2
2026-07-13T06:10:54,3151,200,500,2451,0,0,0
2026-07-13T06:15:39,3149,200,500,2449,10,7,3
2026-07-13T06:20:53,3149,200,500,2449,0,0,0
2026-07-13T06:25:43,3149,200,500,2449,4,3,1
2026-07-13T06:31:02,3150,200,500,2450,2,1,1
2026-07-13T06:35:37,3150,200,500,2450,1,1,0
2026-07-13T06:40:55,3150,200,500,2450,1,1,0
2026-07-13T06:45:41,3150,200,500,2450,16,9,7
2026-07-13T06:50:52,3150,200,500,2450,1,0,1
2026-07-13T06:55:36,3150,200,500,2450,4,3,1
2026-07-13T07:01:01,3150,200,500,2450,3,2,1
2026-07-13T07:05:42,3150,200,500,2450,1,0,1
2026-07-13T07:10:57,3150,200,500,2450,4,2,2
2026-07-13T07:15:40,3150,200,500,2450,2,1,1
2026-07-13T07:20:59,3151,200,500,2451,12,6,6
2026-07-13T07:25:40,3151,200,500,2451,0,0,0
2026-07-13T07:30:57,3151,200,500,2451,1,1,0
2026-07-13T07:35:38,3152,200,500,2452,0,0,0
2026-07-13T07:40:54,3152,200,500,2452,0,0,0
2026-07-13T07:45:39,3152,200,500,2452,0,0,0
2026-07-13T07:50:56,3152,200,500,2452,0,0,0
2026-07-13T07:55:44,3152,200,500,2452,1,1,0
2026-07-13T08:01:06,3152,200,500,2452,5,2,3
2026-07-13T08:05:37,3153,200,500,2453,10,5,5
2026-07-13T08:10:57,3153,200,500,2453,6,2,4
2026-07-13T08:15:45,3153,200,500,2453,0,0,0
2026-07-13T08:20:55,3153,200,500,2453,0,0,0
2026-07-13T08:25:38,3153,200,500,2453,0,0,0
2026-07-13T08:30:58,3153,200,500,2453,0,0,0
2026-07-13T08:35:38,3153,200,500,2453,0,0,0
2026-07-13T08:40:54,3153,200,500,2453,0,0,0
2026-07-13T08:45:40,3153,200,500,2453,0,0,0
2026-07-13T08:50:54,3153,200,500,2453,0,0,0
2026-07-13T08:55:39,3153,200,500,2453,2,2,0
2026-07-13T09:01:10,3153,200,500,2453,3,0,3
2026-07-13T09:05:37,3153,200,500,2453,2,2,0
2026-07-13T09:10:56,3153,200,500,2453,0,0,0
2026-07-13T09:15:57,3153,200,500,2453,0,0,0
2026-07-13T09:20:57,3153,200,500,2453,0,0,0
2026-07-13T09:25:39,3153,200,500,2453,0,0,0
2026-07-13T09:31:05,3153,200,500,2453,0,0,0
2026-07-13T09:35:37,3153,200,500,2453,0,0,0
2026-07-13T09:40:52,3153,200,500,2453,0,0,0
2026-07-13T09:45:43,3153,200,500,2453,0,0,0
2026-07-13T09:51:00,3153,200,500,2453,0,0,0
2026-07-13T09:55:36,3153,200,500,2453,0,0,0
2026-07-13T10:01:05,3153,200,500,2453,0,0,0
2026-07-13T10:05:38,3153,200,500,2453,0,0,0
2026-07-13T10:10:54,3153,200,500,2453,0,0,0
2026-07-13T10:15:43,3153,200,500,2453,0,0,0
2026-07-13T10:20:54,3153,200,500,2453,0,0,0
2026-07-13T10:25:38,3153,200,500,2453,0,0,0
2026-07-13T10:31:00,3153,200,500,2453,0,0,0
2026-07-13T10:35:38,3153,200,500,2453,0,0,0
2026-07-13T10:40:57,3153,200,500,2453,0,0,0
2026-07-13T10:45:45,3153,200,500,2453,0,0,0
2026-07-13T10:50:53,3153,200,500,2453,0,0,0
2026-07-13T10:55:39,3153,200,500,2453,0,0,0
2026-07-13T11:01:01,3153,200,500,2453,0,0,0
2026-07-13T11:05:35,3153,200,500,2453,0,0,0
2026-07-13T11:10:54,3153,200,500,2453,0,0,0
2026-07-13T11:15:38,3153,200,500,2453,0,0,0
2026-07-13T11:20:58,3153,200,500,2453,0,0,0
2026-07-13T11:25:38,3153,200,500,2453,0,0,0
2026-07-13T11:30:58,3153,200,500,2453,2,1,1
2026-07-13T11:35:38,3153,200,500,2453,0,0,0
2026-07-13T11:40:51,3153,200,500,2453,0,0,0
2026-07-13T11:45:39,3153,200,500,2453,0,0,0
2026-07-13T11:50:55,3153,200,500,2453,0,0,0
2026-07-13T11:55:38,3153,200,500,2453,0,0,0
2026-07-13T12:01:06,3153,200,500,2453,1,1,0
2026-07-13T12:05:38,3153,200,500,2453,0,0,0
2026-07-13T12:10:58,3153,200,500,2453,0,0,0
2026-07-13T12:15:43,3153,200,500,2453,0,0,0
2026-07-13T12:20:58,3153,200,500,2453,0,0,0
2026-07-13T12:25:37,3153,200,500,2453,1,1,0
2026-07-13T12:31:03,3154,200,500,2454,3,0,3
2026-07-13T12:35:38,3154,200,500,2454,0,0,0
2026-07-13T12:40:58,3154,200,500,2454,0,0,0
2026-07-13T12:45:40,3154,200,500,2454,0,0,0
2026-07-13T12:50:55,3154,200,500,2454,0,0,0
2026-07-13T12:55:40,3154,200,500,2454,0,0,0
2026-07-13T13:01:02,3154,200,500,2454,0,0,0
2026-07-13T13:05:39,3154,200,500,2454,6,4,2
2026-07-13T13:11:02,3154,200,500,2454,0,0,0
2026-07-13T13:15:42,3154,200,500,2454,0,0,0
2026-07-13T13:20:53,3154,200,500,2454,0,0,0
2026-07-13T13:32:25,3154,200,500,2454,1,1,0
2026-07-13T13:39:02,3155,200,500,2455,6,2,4
2026-07-13T13:41:00,3155,200,500,2455,0,0,0
2026-07-13T13:45:43,3155,200,500,2455,0,0,0
2026-07-13T13:50:59,3155,200,500,2455,1,0,1
2026-07-13T13:55:39,3155,200,500,2455,1,1,0
2026-07-13T14:01:01,3155,200,500,2455,6,4,2
2026-07-13T14:05:39,3157,200,500,2457,9,5,4
2026-07-13T14:11:09,3158,200,500,2458,2,1,1
2026-07-13T14:15:45,3158,200,500,2458,1,0,1
2026-07-13T14:21:03,3158,200,500,2458,1,1,0
2026-07-13T14:25:46,3158,200,500,2458,0,0,0
2026-07-13T14:31:01,3157,200,500,2457,2,1,1
2026-07-13T14:35:41,3157,200,500,2457,4,2,2
2026-07-13T14:40:57,3157,200,500,2457,0,0,0
2026-07-13T14:45:42,3157,200,500,2457,3,2,1
2026-07-13T14:50:52,3159,200,500,2459,7,4,3
2026-07-13T14:55:43,3159,200,500,2459,9,5,4
2026-07-13T15:01:08,3159,200,500,2459,4,2,2
2026-07-13T15:05:45,3159,200,500,2459,7,3,4
2026-07-13T15:10:57,3159,200,500,2459,2,1,1
2026-07-13T15:15:49,3159,200,500,2459,0,0,0
2026-07-13T15:20:55,3159,200,500,2459,0,0,0
2026-07-13T15:25:40,3159,200,500,2459,0,0,0
2026-07-13T15:30:59,3160,200,500,2460,1,1,0
2026-07-13T15:35:41,3160,200,500,2460,13,8,5
2026-07-13T15:40:57,3160,200,500,2460,6,4,2
2026-07-13T15:45:43,3160,200,500,2460,4,3,1
2026-07-13T15:50:59,3162,200,500,2462,8,4,4
2026-07-13T15:55:40,3162,200,500,2462,1,1,0
2026-07-13T16:01:05,3162,200,500,2462,0,0,0
2026-07-13T16:05:39,3162,200,500,2462,3,0,3
2026-07-13T16:11:02,3161,200,500,2461,7,4,3
2026-07-13T16:15:44,3161,200,500,2461,7,5,2
2026-07-13T16:20:57,3161,200,500,2461,2,0,2
2026-07-13T16:25:42,3161,200,500,2461,9,6,3
2026-07-13T16:31:00,3161,200,500,2461,11,6,5
2026-07-13T16:35:40,3161,200,500,2461,6,3,3
2026-07-13T16:40:56,3161,200,500,2461,5,2,3
2026-07-13T16:45:43,3161,200,500,2461,8,3,5
2026-07-13T16:50:56,3161,200,500,2461,0,0,0
2026-07-13T16:55:38,3161,200,500,2461,9,4,5
2026-07-13T17:01:03,3161,200,500,2461,12,5,7
2026-07-13T17:05:41,3161,200,500,2461,5,0,5
2026-07-13T17:10:57,3161,200,500,2461,6,4,2
2026-07-13T17:15:42,3161,200,500,2461,1,1,0
2026-07-13T17:20:53,3161,200,500,2461,0,0,0
2026-07-13T17:25:43,3163,200,500,2463,12,6,6
2026-07-13T17:31:05,3164,200,500,2464,14,8,6
2026-07-13T17:35:43,3164,200,500,2464,2,0,2
2026-07-13T17:40:54,3166,200,500,2466,11,7,4
2026-07-13T17:45:42,3166,200,500,2466,0,0,0
2026-07-13T17:50:55,3165,200,500,2465,4,2,2
2026-07-13T17:55:41,3167,200,500,2467,6,3,3
2026-07-13T18:01:06,3167,200,500,2467,0,0,0
2026-07-13T18:05:42,3169,200,500,2469,6,3,3
2026-07-13T18:10:58,3173,200,500,2473,28,10,18
2026-07-13T18:15:39,3173,200,500,2473,3,1,2
2026-07-13T18:20:55,3173,200,500,2473,5,4,1
2026-07-13T18:25:40,3173,200,500,2473,7,5,2
2026-07-13T18:31:01,3173,200,500,2473,10,2,8
2026-07-13T18:35:44,3173,200,500,2473,4,4,0
2026-07-13T18:41:05,3174,200,500,2474,3,0,3
2026-07-13T18:45:39,3174,200,500,2474,6,2,4
2026-07-13T18:51:04,3174,200,500,2474,8,4,4
2026-07-13T18:55:38,3174,200,500,2474,15,10,5
2026-07-13T19:01:05,3174,200,500,2474,0,0,0
2026-07-13T19:05:49,3176,200,500,2476,27,13,14
2026-07-13T19:10:57,3176,200,500,2476,5,1,4
2026-07-13T19:15:44,3176,200,500,2476,3,1,2
2026-07-13T19:20:55,3177,200,500,2477,11,4,7
2026-07-13T19:25:42,3177,200,500,2477,12,7,5
2026-07-13T19:31:04,3177,200,500,2477,18,11,7
2026-07-13T19:35:35,3177,200,500,2477,18,7,11
2026-07-13T19:40:56,3177,200,500,2477,10,7,3
2026-07-13T19:45:38,3178,200,500,2478,7,3,4
2026-07-13T19:51:08,3178,200,500,2478,8,4,4
2026-07-13T19:55:40,3179,200,500,2479,11,5,6
2026-07-13T20:01:05,3182,200,500,2482,14,5,9
2026-07-13T20:05:40,3182,200,500,2482,0,0,0
2026-07-13T20:10:57,3183,200,500,2483,22,13,9
2026-07-13T20:15:40,3183,200,500,2483,1,0,1
2026-07-13T20:20:58,3183,200,500,2483,0,0,0
2026-07-13T20:25:38,3185,200,500,2485,21,12,9
2026-07-13T20:31:02,3185,200,500,2485,7,3,4
2026-07-13T20:35:45,3187,200,500,2487,21,10,11
2026-07-13T20:40:57,3187,200,500,2487,4,1,3
2026-07-13T20:45:41,3188,200,500,2488,9,3,6
2026-07-13T20:50:53,3188,200,500,2488,0,0,0
2026-07-13T20:55:37,3188,200,500,2488,4,2,2
2026-07-13T21:01:02,3189,200,500,2489,13,8,5
2026-07-13T21:05:38,3189,200,500,2489,7,3,4
2026-07-13T21:10:52,3189,200,500,2489,5,4,1
2026-07-13T21:15:42,3193,200,500,2493,8,2,6
2026-07-13T21:21:09,3195,200,500,2495,17,11,6
2026-07-13T21:25:36,3196,200,500,2496,8,4,4
2026-07-13T21:31:01,3196,200,500,2496,9,4,5
2026-07-13T21:35:35,3196,200,500,2496,29,15,14
2026-07-13T21:40:51,3196,200,500,2496,17,8,9
2026-07-13T21:45:44,3196,200,500,2496,8,3,5
2026-07-13T21:50:50,3196,200,500,2496,0,0,0
2026-07-13T21:55:35,3195,200,500,2495,23,12,11
2026-07-13T22:01:04,3195,200,500,2495,4,1,3
2026-07-13T22:05:42,3194,200,500,2494,22,11,11
2026-07-13T22:10:56,3194,200,500,2494,46,27,19
2026-07-13T22:15:38,3195,200,500,2495,4,3,1
2026-07-13T22:20:56,3195,200,500,2495,7,4,3
2026-07-13T22:25:41,3195,200,500,2495,8,3,5
2026-07-13T22:31:02,3196,200,500,2496,8,5,3
2026-07-13T22:35:36,3197,200,500,2497,31,15,16
2026-07-13T22:40:50,3197,200,500,2497,25,12,13
2026-07-13T22:45:40,3197,200,500,2497,22,10,12
2026-07-13T22:50:53,3199,200,500,2499,37,21,16
2026-07-13T22:55:34,3201,200,500,2501,18,10,8
2026-07-13T23:01:01,3201,200,500,2501,3,1,2
2026-07-13T23:05:35,3201,200,500,2501,12,8,4
